{
	"partitions" : [
		{
			"name" : "Top",
			"pins" : [
				{
					"name" : "VGA_HS",
					"strict" : false
				},
				{
					"name" : "VGA_VS",
					"strict" : false
				},
				{
					"name" : "VGA_BLANK_N",
					"strict" : false
				},
				{
					"name" : "VGA_R[0]",
					"strict" : false
				},
				{
					"name" : "VGA_R[1]",
					"strict" : false
				},
				{
					"name" : "VGA_R[2]",
					"strict" : false
				},
				{
					"name" : "VGA_R[3]",
					"strict" : false
				},
				{
					"name" : "VGA_R[4]",
					"strict" : false
				},
				{
					"name" : "VGA_R[5]",
					"strict" : false
				},
				{
					"name" : "VGA_R[6]",
					"strict" : false
				},
				{
					"name" : "VGA_R[7]",
					"strict" : false
				},
				{
					"name" : "VGA_R[8]",
					"strict" : false
				},
				{
					"name" : "VGA_R[9]",
					"strict" : false
				},
				{
					"name" : "VGA_G[0]",
					"strict" : false
				},
				{
					"name" : "VGA_G[1]",
					"strict" : false
				},
				{
					"name" : "VGA_G[2]",
					"strict" : false
				},
				{
					"name" : "VGA_G[3]",
					"strict" : false
				},
				{
					"name" : "VGA_G[4]",
					"strict" : false
				},
				{
					"name" : "VGA_G[5]",
					"strict" : false
				},
				{
					"name" : "VGA_G[6]",
					"strict" : false
				},
				{
					"name" : "VGA_G[7]",
					"strict" : false
				},
				{
					"name" : "VGA_G[8]",
					"strict" : false
				},
				{
					"name" : "VGA_G[9]",
					"strict" : false
				},
				{
					"name" : "VGA_B[0]",
					"strict" : false
				},
				{
					"name" : "VGA_B[1]",
					"strict" : false
				},
				{
					"name" : "VGA_B[2]",
					"strict" : false
				},
				{
					"name" : "VGA_B[3]",
					"strict" : false
				},
				{
					"name" : "VGA_B[4]",
					"strict" : false
				},
				{
					"name" : "VGA_B[5]",
					"strict" : false
				},
				{
					"name" : "VGA_B[6]",
					"strict" : false
				},
				{
					"name" : "VGA_B[7]",
					"strict" : false
				},
				{
					"name" : "VGA_B[8]",
					"strict" : false
				},
				{
					"name" : "VGA_B[9]",
					"strict" : false
				},
				{
					"name" : "HEX0[0]",
					"strict" : false
				},
				{
					"name" : "HEX0[3]",
					"strict" : false
				},
				{
					"name" : "HEX0[4]",
					"strict" : false
				},
				{
					"name" : "HEX0[5]",
					"strict" : false
				},
				{
					"name" : "HEX1[0]",
					"strict" : false
				},
				{
					"name" : "HEX1[3]",
					"strict" : false
				},
				{
					"name" : "HEX1[4]",
					"strict" : false
				},
				{
					"name" : "HEX1[5]",
					"strict" : false
				},
				{
					"name" : "HEX2[0]",
					"strict" : false
				},
				{
					"name" : "HEX2[2]",
					"strict" : false
				},
				{
					"name" : "HEX2[3]",
					"strict" : false
				},
				{
					"name" : "HEX2[4]",
					"strict" : false
				},
				{
					"name" : "HEX2[5]",
					"strict" : false
				},
				{
					"name" : "HEX2[6]",
					"strict" : false
				},
				{
					"name" : "HEX4[0]",
					"strict" : false
				},
				{
					"name" : "HEX4[1]",
					"strict" : false
				},
				{
					"name" : "HEX4[2]",
					"strict" : false
				},
				{
					"name" : "HEX4[3]",
					"strict" : false
				},
				{
					"name" : "HEX4[4]",
					"strict" : false
				},
				{
					"name" : "HEX4[5]",
					"strict" : false
				},
				{
					"name" : "HEX4[6]",
					"strict" : false
				},
				{
					"name" : "HEX6[0]",
					"strict" : false
				},
				{
					"name" : "HEX6[1]",
					"strict" : false
				},
				{
					"name" : "HEX6[2]",
					"strict" : false
				},
				{
					"name" : "HEX6[3]",
					"strict" : false
				},
				{
					"name" : "HEX6[4]",
					"strict" : false
				},
				{
					"name" : "HEX6[5]",
					"strict" : false
				},
				{
					"name" : "HEX6[6]",
					"strict" : false
				},
				{
					"name" : "CLOCK_50",
					"strict" : false
				},
				{
					"name" : "SW[4]",
					"strict" : false
				},
				{
					"name" : "SW[2]",
					"strict" : false
				},
				{
					"name" : "SW[1]",
					"strict" : false
				},
				{
					"name" : "SW[3]",
					"strict" : false
				},
				{
					"name" : "SW[17]",
					"strict" : false
				},
				{
					"name" : "KEY[0]",
					"strict" : false
				},
				{
					"name" : "SW[6]",
					"strict" : false
				},
				{
					"name" : "SW[7]",
					"strict" : false
				},
				{
					"name" : "SW[8]",
					"strict" : false
				},
				{
					"name" : "SW[9]",
					"strict" : false
				}
			]
		}
	]
}